--
-- PostgreSQL database dump
--

-- Dumped from database version 17.2
-- Dumped by pg_dump version 17.2

SET statement_timeout = 0;
SET lock_timeout = 0;
SET idle_in_transaction_session_timeout = 0;
SET transaction_timeout = 0;
SET client_encoding = 'UTF8';
SET standard_conforming_strings = on;
SELECT pg_catalog.set_config('search_path', '', false);
SET check_function_bodies = false;
SET xmloption = content;
SET client_min_messages = warning;
SET row_security = off;

SET default_tablespace = '';

SET default_table_access_method = heap;

--
-- Name: analytics_like; Type: TABLE; Schema: public; Owner: future_prism_user
--

CREATE TABLE public.analytics_like (
    id bigint NOT NULL,
    created_at timestamp with time zone NOT NULL,
    news_id bigint NOT NULL,
    user_id bigint NOT NULL
);


ALTER TABLE public.analytics_like OWNER TO future_prism_user;

--
-- Name: analytics_like_id_seq; Type: SEQUENCE; Schema: public; Owner: future_prism_user
--

ALTER TABLE public.analytics_like ALTER COLUMN id ADD GENERATED BY DEFAULT AS IDENTITY (
    SEQUENCE NAME public.analytics_like_id_seq
    START WITH 1
    INCREMENT BY 1
    NO MINVALUE
    NO MAXVALUE
    CACHE 1
);


--
-- Name: auth_group; Type: TABLE; Schema: public; Owner: future_prism_user
--

CREATE TABLE public.auth_group (
    id integer NOT NULL,
    name character varying(150) NOT NULL
);


ALTER TABLE public.auth_group OWNER TO future_prism_user;

--
-- Name: auth_group_id_seq; Type: SEQUENCE; Schema: public; Owner: future_prism_user
--

ALTER TABLE public.auth_group ALTER COLUMN id ADD GENERATED BY DEFAULT AS IDENTITY (
    SEQUENCE NAME public.auth_group_id_seq
    START WITH 1
    INCREMENT BY 1
    NO MINVALUE
    NO MAXVALUE
    CACHE 1
);


--
-- Name: auth_group_permissions; Type: TABLE; Schema: public; Owner: future_prism_user
--

CREATE TABLE public.auth_group_permissions (
    id bigint NOT NULL,
    group_id integer NOT NULL,
    permission_id integer NOT NULL
);


ALTER TABLE public.auth_group_permissions OWNER TO future_prism_user;

--
-- Name: auth_group_permissions_id_seq; Type: SEQUENCE; Schema: public; Owner: future_prism_user
--

ALTER TABLE public.auth_group_permissions ALTER COLUMN id ADD GENERATED BY DEFAULT AS IDENTITY (
    SEQUENCE NAME public.auth_group_permissions_id_seq
    START WITH 1
    INCREMENT BY 1
    NO MINVALUE
    NO MAXVALUE
    CACHE 1
);


--
-- Name: auth_permission; Type: TABLE; Schema: public; Owner: future_prism_user
--

CREATE TABLE public.auth_permission (
    id integer NOT NULL,
    name character varying(255) NOT NULL,
    content_type_id integer NOT NULL,
    codename character varying(100) NOT NULL
);


ALTER TABLE public.auth_permission OWNER TO future_prism_user;

--
-- Name: auth_permission_id_seq; Type: SEQUENCE; Schema: public; Owner: future_prism_user
--

ALTER TABLE public.auth_permission ALTER COLUMN id ADD GENERATED BY DEFAULT AS IDENTITY (
    SEQUENCE NAME public.auth_permission_id_seq
    START WITH 1
    INCREMENT BY 1
    NO MINVALUE
    NO MAXVALUE
    CACHE 1
);


--
-- Name: comments_comment; Type: TABLE; Schema: public; Owner: future_prism_user
--

CREATE TABLE public.comments_comment (
    id bigint NOT NULL,
    content text NOT NULL,
    created_at timestamp with time zone NOT NULL,
    updated_at timestamp with time zone NOT NULL,
    is_approved boolean NOT NULL,
    author_id bigint NOT NULL,
    news_id bigint NOT NULL,
    parent_id bigint
);


ALTER TABLE public.comments_comment OWNER TO future_prism_user;

--
-- Name: comments_comment_id_seq; Type: SEQUENCE; Schema: public; Owner: future_prism_user
--

ALTER TABLE public.comments_comment ALTER COLUMN id ADD GENERATED BY DEFAULT AS IDENTITY (
    SEQUENCE NAME public.comments_comment_id_seq
    START WITH 1
    INCREMENT BY 1
    NO MINVALUE
    NO MAXVALUE
    CACHE 1
);


--
-- Name: django_admin_log; Type: TABLE; Schema: public; Owner: future_prism_user
--

CREATE TABLE public.django_admin_log (
    id integer NOT NULL,
    action_time timestamp with time zone NOT NULL,
    object_id text,
    object_repr character varying(200) NOT NULL,
    action_flag smallint NOT NULL,
    change_message text NOT NULL,
    content_type_id integer,
    user_id bigint NOT NULL,
    CONSTRAINT django_admin_log_action_flag_check CHECK ((action_flag >= 0))
);


ALTER TABLE public.django_admin_log OWNER TO future_prism_user;

--
-- Name: django_admin_log_id_seq; Type: SEQUENCE; Schema: public; Owner: future_prism_user
--

ALTER TABLE public.django_admin_log ALTER COLUMN id ADD GENERATED BY DEFAULT AS IDENTITY (
    SEQUENCE NAME public.django_admin_log_id_seq
    START WITH 1
    INCREMENT BY 1
    NO MINVALUE
    NO MAXVALUE
    CACHE 1
);


--
-- Name: django_content_type; Type: TABLE; Schema: public; Owner: future_prism_user
--

CREATE TABLE public.django_content_type (
    id integer NOT NULL,
    app_label character varying(100) NOT NULL,
    model character varying(100) NOT NULL
);


ALTER TABLE public.django_content_type OWNER TO future_prism_user;

--
-- Name: django_content_type_id_seq; Type: SEQUENCE; Schema: public; Owner: future_prism_user
--

ALTER TABLE public.django_content_type ALTER COLUMN id ADD GENERATED BY DEFAULT AS IDENTITY (
    SEQUENCE NAME public.django_content_type_id_seq
    START WITH 1
    INCREMENT BY 1
    NO MINVALUE
    NO MAXVALUE
    CACHE 1
);


--
-- Name: django_migrations; Type: TABLE; Schema: public; Owner: future_prism_user
--

CREATE TABLE public.django_migrations (
    id bigint NOT NULL,
    app character varying(255) NOT NULL,
    name character varying(255) NOT NULL,
    applied timestamp with time zone NOT NULL
);


ALTER TABLE public.django_migrations OWNER TO future_prism_user;

--
-- Name: django_migrations_id_seq; Type: SEQUENCE; Schema: public; Owner: future_prism_user
--

ALTER TABLE public.django_migrations ALTER COLUMN id ADD GENERATED BY DEFAULT AS IDENTITY (
    SEQUENCE NAME public.django_migrations_id_seq
    START WITH 1
    INCREMENT BY 1
    NO MINVALUE
    NO MAXVALUE
    CACHE 1
);


--
-- Name: django_session; Type: TABLE; Schema: public; Owner: future_prism_user
--

CREATE TABLE public.django_session (
    session_key character varying(40) NOT NULL,
    session_data text NOT NULL,
    expire_date timestamp with time zone NOT NULL
);


ALTER TABLE public.django_session OWNER TO future_prism_user;

--
-- Name: news_article; Type: TABLE; Schema: public; Owner: future_prism_user
--

CREATE TABLE public.news_article (
    id bigint NOT NULL,
    title character varying(255) NOT NULL,
    content text NOT NULL,
    created_at timestamp with time zone NOT NULL,
    author_id bigint NOT NULL
);


ALTER TABLE public.news_article OWNER TO future_prism_user;

--
-- Name: news_article_id_seq; Type: SEQUENCE; Schema: public; Owner: future_prism_user
--

ALTER TABLE public.news_article ALTER COLUMN id ADD GENERATED BY DEFAULT AS IDENTITY (
    SEQUENCE NAME public.news_article_id_seq
    START WITH 1
    INCREMENT BY 1
    NO MINVALUE
    NO MAXVALUE
    CACHE 1
);


--
-- Name: news_bookmark; Type: TABLE; Schema: public; Owner: future_prism_user
--

CREATE TABLE public.news_bookmark (
    id bigint NOT NULL,
    created_at timestamp with time zone NOT NULL,
    article_id bigint NOT NULL,
    user_id bigint NOT NULL
);


ALTER TABLE public.news_bookmark OWNER TO future_prism_user;

--
-- Name: news_bookmark_id_seq; Type: SEQUENCE; Schema: public; Owner: future_prism_user
--

ALTER TABLE public.news_bookmark ALTER COLUMN id ADD GENERATED BY DEFAULT AS IDENTITY (
    SEQUENCE NAME public.news_bookmark_id_seq
    START WITH 1
    INCREMENT BY 1
    NO MINVALUE
    NO MAXVALUE
    CACHE 1
);


--
-- Name: news_category; Type: TABLE; Schema: public; Owner: future_prism_user
--

CREATE TABLE public.news_category (
    id bigint NOT NULL,
    name character varying(255) NOT NULL,
    description text
);


ALTER TABLE public.news_category OWNER TO future_prism_user;

--
-- Name: news_category_id_seq; Type: SEQUENCE; Schema: public; Owner: future_prism_user
--

ALTER TABLE public.news_category ALTER COLUMN id ADD GENERATED BY DEFAULT AS IDENTITY (
    SEQUENCE NAME public.news_category_id_seq
    START WITH 1
    INCREMENT BY 1
    NO MINVALUE
    NO MAXVALUE
    CACHE 1
);


--
-- Name: news_news; Type: TABLE; Schema: public; Owner: future_prism_user
--

CREATE TABLE public.news_news (
    id bigint NOT NULL,
    title character varying(255) NOT NULL,
    content text NOT NULL,
    published_date timestamp with time zone NOT NULL,
    view_count integer NOT NULL,
    category_id bigint NOT NULL,
    image character varying(100),
    slug character varying(50),
    CONSTRAINT news_news_view_count_check CHECK ((view_count >= 0))
);


ALTER TABLE public.news_news OWNER TO future_prism_user;

--
-- Name: news_news_id_seq; Type: SEQUENCE; Schema: public; Owner: future_prism_user
--

ALTER TABLE public.news_news ALTER COLUMN id ADD GENERATED BY DEFAULT AS IDENTITY (
    SEQUENCE NAME public.news_news_id_seq
    START WITH 1
    INCREMENT BY 1
    NO MINVALUE
    NO MAXVALUE
    CACHE 1
);


--
-- Name: users_customuser; Type: TABLE; Schema: public; Owner: future_prism_user
--

CREATE TABLE public.users_customuser (
    id bigint NOT NULL,
    password character varying(128) NOT NULL,
    last_login timestamp with time zone,
    is_superuser boolean NOT NULL,
    username character varying(150) NOT NULL,
    first_name character varying(150) NOT NULL,
    last_name character varying(150) NOT NULL,
    email character varying(254) NOT NULL,
    is_staff boolean NOT NULL,
    is_active boolean NOT NULL,
    date_joined timestamp with time zone NOT NULL,
    bio text,
    avatar character varying(100),
    birth_date date,
    email_notifications boolean NOT NULL,
    facebook character varying(200) NOT NULL,
    news_notifications boolean NOT NULL,
    telegram character varying(200) NOT NULL,
    twitter character varying(200) NOT NULL,
    phone_number character varying(15),
    last_activity timestamp with time zone NOT NULL
);


ALTER TABLE public.users_customuser OWNER TO future_prism_user;

--
-- Name: users_customuser_groups; Type: TABLE; Schema: public; Owner: future_prism_user
--

CREATE TABLE public.users_customuser_groups (
    id bigint NOT NULL,
    customuser_id bigint NOT NULL,
    group_id integer NOT NULL
);


ALTER TABLE public.users_customuser_groups OWNER TO future_prism_user;

--
-- Name: users_customuser_groups_id_seq; Type: SEQUENCE; Schema: public; Owner: future_prism_user
--

ALTER TABLE public.users_customuser_groups ALTER COLUMN id ADD GENERATED BY DEFAULT AS IDENTITY (
    SEQUENCE NAME public.users_customuser_groups_id_seq
    START WITH 1
    INCREMENT BY 1
    NO MINVALUE
    NO MAXVALUE
    CACHE 1
);


--
-- Name: users_customuser_id_seq; Type: SEQUENCE; Schema: public; Owner: future_prism_user
--

ALTER TABLE public.users_customuser ALTER COLUMN id ADD GENERATED BY DEFAULT AS IDENTITY (
    SEQUENCE NAME public.users_customuser_id_seq
    START WITH 1
    INCREMENT BY 1
    NO MINVALUE
    NO MAXVALUE
    CACHE 1
);


--
-- Name: users_customuser_user_permissions; Type: TABLE; Schema: public; Owner: future_prism_user
--

CREATE TABLE public.users_customuser_user_permissions (
    id bigint NOT NULL,
    customuser_id bigint NOT NULL,
    permission_id integer NOT NULL
);


ALTER TABLE public.users_customuser_user_permissions OWNER TO future_prism_user;

--
-- Name: users_customuser_user_permissions_id_seq; Type: SEQUENCE; Schema: public; Owner: future_prism_user
--

ALTER TABLE public.users_customuser_user_permissions ALTER COLUMN id ADD GENERATED BY DEFAULT AS IDENTITY (
    SEQUENCE NAME public.users_customuser_user_permissions_id_seq
    START WITH 1
    INCREMENT BY 1
    NO MINVALUE
    NO MAXVALUE
    CACHE 1
);


--
-- Data for Name: analytics_like; Type: TABLE DATA; Schema: public; Owner: future_prism_user
--

COPY public.analytics_like (id, created_at, news_id, user_id) FROM stdin;
\.


--
-- Data for Name: auth_group; Type: TABLE DATA; Schema: public; Owner: future_prism_user
--

COPY public.auth_group (id, name) FROM stdin;
1	Aleksejs Giruckis
\.


--
-- Data for Name: auth_group_permissions; Type: TABLE DATA; Schema: public; Owner: future_prism_user
--

COPY public.auth_group_permissions (id, group_id, permission_id) FROM stdin;
\.


--
-- Data for Name: auth_permission; Type: TABLE DATA; Schema: public; Owner: future_prism_user
--

COPY public.auth_permission (id, name, content_type_id, codename) FROM stdin;
1	Can add log entry	1	add_logentry
2	Can change log entry	1	change_logentry
3	Can delete log entry	1	delete_logentry
4	Can view log entry	1	view_logentry
5	Can add permission	2	add_permission
6	Can change permission	2	change_permission
7	Can delete permission	2	delete_permission
8	Can view permission	2	view_permission
9	Can add group	3	add_group
10	Can change group	3	change_group
11	Can delete group	3	delete_group
12	Can view group	3	view_group
13	Can add content type	4	add_contenttype
14	Can change content type	4	change_contenttype
15	Can delete content type	4	delete_contenttype
16	Can view content type	4	view_contenttype
17	Can add session	5	add_session
18	Can change session	5	change_session
19	Can delete session	5	delete_session
20	Can view session	5	view_session
21	Can add user	6	add_customuser
22	Can change user	6	change_customuser
23	Can delete user	6	delete_customuser
24	Can view user	6	view_customuser
25	Can add category	7	add_category
26	Can change category	7	change_category
27	Can delete category	7	delete_category
28	Can view category	7	view_category
29	Can add news	8	add_news
30	Can change news	8	change_news
31	Can delete news	8	delete_news
32	Can view news	8	view_news
33	Can add comment	9	add_comment
34	Can change comment	9	change_comment
35	Can delete comment	9	delete_comment
36	Can view comment	9	view_comment
37	Can add like	10	add_like
38	Can change like	10	change_like
39	Can delete like	10	delete_like
40	Can view like	10	view_like
41	Can add article	11	add_article
42	Can change article	11	change_article
43	Can delete article	11	delete_article
44	Can view article	11	view_article
45	Can add bookmark	12	add_bookmark
46	Can change bookmark	12	change_bookmark
47	Can delete bookmark	12	delete_bookmark
48	Can view bookmark	12	view_bookmark
\.


--
-- Data for Name: comments_comment; Type: TABLE DATA; Schema: public; Owner: future_prism_user
--

COPY public.comments_comment (id, content, created_at, updated_at, is_approved, author_id, news_id, parent_id) FROM stdin;
1	Крутой проект	2025-02-18 09:47:27.835545+00	2025-02-18 09:47:27.83557+00	t	4	15	\N
\.


--
-- Data for Name: django_admin_log; Type: TABLE DATA; Schema: public; Owner: future_prism_user
--

COPY public.django_admin_log (id, action_time, object_id, object_repr, action_flag, change_message, content_type_id, user_id) FROM stdin;
51	2025-02-15 22:18:56.55719+00	2	alek	3		6	4
52	2025-02-15 22:18:56.557213+00	3	alek1985	3		6	4
53	2025-02-18 09:47:27.838227+00	1	Комментарий от a_admin к новости 'Телескопы NASA показали космический букет специально ко Дню святого Валентина: что это (фото)'	1	[{"added": {}}]	9	4
\.


--
-- Data for Name: django_content_type; Type: TABLE DATA; Schema: public; Owner: future_prism_user
--

COPY public.django_content_type (id, app_label, model) FROM stdin;
1	admin	logentry
2	auth	permission
3	auth	group
4	contenttypes	contenttype
5	sessions	session
6	users	customuser
7	news	category
8	news	news
9	comments	comment
10	analytics	like
11	news	article
12	news	bookmark
\.


--
-- Data for Name: django_migrations; Type: TABLE DATA; Schema: public; Owner: future_prism_user
--

COPY public.django_migrations (id, app, name, applied) FROM stdin;
1	contenttypes	0001_initial	2025-02-10 22:31:56.130878+00
2	contenttypes	0002_remove_content_type_name	2025-02-10 22:31:56.135172+00
3	auth	0001_initial	2025-02-10 22:31:56.149216+00
4	auth	0002_alter_permission_name_max_length	2025-02-10 22:31:56.152552+00
5	auth	0003_alter_user_email_max_length	2025-02-10 22:31:56.15423+00
6	auth	0004_alter_user_username_opts	2025-02-10 22:31:56.156166+00
7	auth	0005_alter_user_last_login_null	2025-02-10 22:31:56.158319+00
8	auth	0006_require_contenttypes_0002	2025-02-10 22:31:56.15914+00
9	auth	0007_alter_validators_add_error_messages	2025-02-10 22:31:56.160897+00
10	auth	0008_alter_user_username_max_length	2025-02-10 22:31:56.162794+00
11	auth	0009_alter_user_last_name_max_length	2025-02-10 22:31:56.164505+00
12	auth	0010_alter_group_name_max_length	2025-02-10 22:31:56.16928+00
13	auth	0011_update_proxy_permissions	2025-02-10 22:31:56.171008+00
14	auth	0012_alter_user_first_name_max_length	2025-02-10 22:31:56.173006+00
15	users	0001_initial	2025-02-10 22:31:56.188622+00
16	admin	0001_initial	2025-02-10 22:31:56.19598+00
17	admin	0002_logentry_remove_auto_add	2025-02-10 22:31:56.198682+00
18	admin	0003_logentry_add_action_flag_choices	2025-02-10 22:31:56.201428+00
19	sessions	0001_initial	2025-02-10 22:31:56.205187+00
20	news	0001_initial	2025-02-10 22:47:36.381245+00
21	comments	0001_initial	2025-02-10 23:21:43.854429+00
22	analytics	0001_initial	2025-02-11 10:41:04.111118+00
23	news	0002_news_image	2025-02-12 10:08:32.04667+00
24	news	0003_news_slug_alter_news_content	2025-02-12 13:04:38.899672+00
25	news	0004_alter_news_published_date	2025-02-12 13:38:34.079313+00
26	users	0002_customuser_avatar_customuser_birth_date_and_more	2025-02-15 13:48:37.938368+00
27	news	0005_alter_news_content_alter_news_published_date_and_more	2025-02-15 17:47:34.020251+00
28	users	0003_alter_customuser_options_alter_customuser_bio_and_more	2025-02-15 19:39:51.918191+00
29	users	0004_alter_customuser_options_alter_customuser_bio_and_more	2025-02-15 22:11:30.963282+00
30	news	0006_article	2025-02-15 23:39:48.748467+00
31	users	0005_alter_customuser_avatar_alter_customuser_birth_date_and_more	2025-02-15 23:39:48.772023+00
32	news	0007_bookmark	2025-02-15 23:43:32.292615+00
34	users	0003_remove_customuser_last_activity_and_more	2025-02-18 12:16:49.939306+00
35	users	0002_add_last_activity	2025-02-18 14:07:14.30569+00
\.


--
-- Data for Name: django_session; Type: TABLE DATA; Schema: public; Owner: future_prism_user
--

COPY public.django_session (session_key, session_data, expire_date) FROM stdin;
6h76yezie3ogvmufci6585fz89pzfqfo	.eJxVjMEOwiAQBf-FsyFAgS0evfcbyLKAVA0kpT0Z_9026UGvb2bem3nc1uK3nhY_R3Zlkl1-t4D0TPUA8YH13ji1ui5z4IfCT9r51GJ63U7376BgL3uNLgQQOYPMBlKwcbSg3SAGY1KOepSQlaCdp6zAkXMBUFptFKFGJME-X_ExOEc:1tiMBo:AefeI9V10cZrOBHeh2ki1xbL7c2GLJJVa36ZxpXc46U	2025-02-26 23:30:44.355821+00
v4urevi6fxbk18wfe809hoccyzd670ll	e30:1tjzQe:O-6iaTdR7bx8KLL6rBIEz7R5nxb0whcTnayx1mXLzlY	2025-03-03 11:36:48.551269+00
\.


--
-- Data for Name: news_article; Type: TABLE DATA; Schema: public; Owner: future_prism_user
--

COPY public.news_article (id, title, content, created_at, author_id) FROM stdin;
\.


--
-- Data for Name: news_bookmark; Type: TABLE DATA; Schema: public; Owner: future_prism_user
--

COPY public.news_bookmark (id, created_at, article_id, user_id) FROM stdin;
\.


--
-- Data for Name: news_category; Type: TABLE DATA; Schema: public; Owner: future_prism_user
--

COPY public.news_category (id, name, description) FROM stdin;
1	Наука и космос	
2	Hardware	
3	Software	
4	Аналитика	
5	Звук и акустика	
6	Эксклюзивы	
7	Новости	
8	Видеоигры	
9	КриптоМир	
\.


--
-- Data for Name: news_news; Type: TABLE DATA; Schema: public; Owner: future_prism_user
--

COPY public.news_news (id, title, content, published_date, view_count, category_id, image, slug) FROM stdin;
11	Маск и Трамп: завоевание Европы — как и почему новая власть США будет влиять на ЕС	В субботу, 8 февраля ультраправая группа "Патриоты за Европу" проведет масштабный митинг в Мадриде под лозунгом "Сделаем Европу великой снова". Насколько правеет в политическом смысле евроконтинент и какую роль в этом играет ближайший соратник президента США Илон Маск, выяснял Фокус.\r\n\r\nО намерениях группы "Патриоты за Европу" в состав которой входят, в частности, венгерский премьер Виктор Орбан и лидер французских ультраправых Марин Ле Пен организовать большую акцию в испанской столице сообщает Politico со ссылкой на двух неназванных европейских чиновников, которые ознакомлены с планами организаторов. Отмечается, что митинг пройдет под лозунгом Make Europe Great Again, что четко перекликается с известным слоганом президента США Дональда Трампа. Издание акцентирует, что группа "Патриоты за Европу", инициатором которой является Орбан, имеет годовой бюджет 5 миллионов евро. Группа, напомним, была основана вскоре после выборов в Европарламент в июне 2024 года с целью объединения ультрапопулистских правых сил Европы и влияния на институты Евросоюза (ЕС).	2025-02-12 12:43:22.069159+00	0	6	news_images/4.webp	\N
12	Спасают от смерти и укрепляют сердце: ученые рассказали о скрытой пользе яиц	<h3><em><strong>Споры о том, полезны ли яйца для нашего организма или приносят вред, продолжаются уже не первый год в научном мире. Однако недавно ученые выявили ряд их преимуществ для нашего сердца и здоровья в целом.</strong></em></h3>\r\n<p>Давнее мнение о том, что употребление яиц повышает уровень холестерина и способствует ухудшению здоровья, неоднократно подвергалось сомнению исследователями. И недавно новая научная работа ученых показала, что для пожилых людей употребление яиц может поддерживать здоровье сердца и снижать риск преждевременной смерти, добавив новые аргументы на сторону их пользы для нашего организма, пишет&nbsp;<a href="https://theconversation.com/are-eggs-good-or-bad-for-our-health-249168" target="_blank" rel="nofollow noopener">The Conversation</a>.</p>\r\n<p>Результаты исследования, опубликованного в журнале&nbsp;<a href="https://www.mdpi.com/2072-6643/17/2/323" target="_blank" rel="nofollow noopener">Nutrients</a>, показывают, что умеренное потребление яиц, от одного до шести раз в неделю, связано со снижением риска смерти от сердечно-сосудистых заболеваний и других осложнений. В научной работе были проанализированы данные более 8000 участников продолжающегося исследования ASPREE, которое отслеживает состояние здоровья пожилых людей.</p>	2025-02-12 13:12:14+00	0	1	news_images/4.webp	spasayut-ot-smerti-i-ukreplyayut-serdce-uchenye-ra
8	Изысканные украшения и оружие: в Италии археологи раскопали богатый некрополь железного века	<p><strong>Исследователи обнаружили более 200 гробниц</strong>, которые датируют ранним железным веком. Специалисты раскопали многочисленные артефакты, которые указывают на особый статус похороненных в некрополе людей. Археологи, работающие в Тренто, Италия, обнаружили большой доримский некрополь времен раннего железного века. Открытие произошло во время реставрационных работ в районе Санта-Кроче, пишет Heritage Daily. Согласно официальному заявлению пресс-службы провинциального совета, на глубине восемь метров под современным уровнем улицы удалось обнаружить более 200 гробниц. Считается, что некрополь относится к раннему железному веку, между IX и VI веками до нашей эры. В этот период регион был домом для ретинов &mdash; конфедерации альпийских племен, имевших языковые и культурные связи с этрусками.</p>	2025-02-12 12:21:34+00	0	1	news_images/111.webp	
13	Звон в космосе: раскрыть секрет самых плотных звезд поможет явление, предсказанное Эйнштейном	<p><em><strong>Новый способ изучения нейтронных звезд поможет выяснить из чего они состоят на самом деле.</strong></em></p>\r\n<p>Астрономы нашли новый способ изучения внутренностей нейтронных звезд, используя гравитационные волны. Реверберации этих колебаний в пространстве-времени могут раскрыть секрет самых плотных звезд во Вселенной. Исследование опубликовано в журнале Nature Communications, пишет&nbsp;<a href="https://www.space.com/the-universe/gravitational-waves-neutron-stars-cosmic-tuning-forks" target="_blank" rel="nofollow noopener">Space.</a></p>\r\n<p><strong>У Фокус. Технологии появился свой&nbsp;</strong><a href="https://t.me/Focus_Science" target="_self" rel="nofollow"><strong>Telegram-канал</strong></a><strong>. Подписывайтесь, чтобы не пропускать самые свежие и захватывающие новости из мира науки!</strong></p>\r\n<p>Нейтронные звезды, рожденные после смерти массивных обычных звезд, имеют размер примерно 20 км и массу в 2 раза большую, чем у Солнца. Это означает, что они состоят из самой плотной материи в известной Вселенной. Но из-за своих экстремальных характеристик внутренности нейтронных звезд остаются загадкой.</p>	2025-02-12 23:42:53+00	0	1	news_images/55.webp	zvon-v-kosmose-raskryt-sekret-samyh-plotnyh-zvezd
14	Красота, убивающая людей: инъекция ботокса может привести к развитию ботулизма	<p>Инъекции ботокса уже многие годы являются популярным методом избавления от морщин и выделения определенных черт лица. Однако все чаще они становятся причиной развития смертельно опасной болезни и у всех этих случаев есть одна общая причина.</p>\r\n<p>&nbsp;</p>\r\n<p>Три жительницы Сиднея были госпитализированы с ботулизмом после нерегулируемых инъекций ботокса, что вызвало серьезную обеспокоенность властей по поводу безопасности индустрии косметических инъекций. Предположительно, женщины получили инъекции против морщин в частном доме от незарегистрированного поставщика, который мог быть связан с аналогичным случаем в 2024 году. Чиновники выпустили предупреждение о рисках, связанных с получением ботокса у нелицензированных врачей. О том как популярная инъекция связана с опасной болезнью, пишет&nbsp;<a href="https://theconversation.com/what-is-botulism-how-this-nerve-paralysing-illness-can-be-linked-to-dodgy-botox-248765" target="_blank" rel="nofollow noopener">The Conversation</a>.</p>	2025-02-12 23:44:42+00	0	1	news_images/eb8fddce-6759154e229c855e7d200cc5d23ca6d5.webp	krasota-ubivayushaya-lyudej-inekciya-botoksa-mozhe
18	Взял сразу троих: Илон Маск явился на важную встречу с детьми и своей девушкой	<h3><strong>После появления с сыном Х в Овальном кабинете, Маск пошел дальше и продемонстрировал свою последнюю пассию Шивон Зилис.</strong></h3>\r\n<p><strong>Илон Маск, миллиардер и соратник президента США Дональда Трампа, сделал своих детей частью своего бизнеса и политики. В последнее время он не появляется на публике без кого-то из своих младших детей. На встречу с премьер-министром Нарендрой Моди Маск взял не только своего любимого сына Х, но и двоих детей от своей последней пассии Шивон Зилис. Зилис также присутствовала, сопровождаемая армией нянь. Об этом&nbsp;<a href="https://www.dailymail.co.uk/femail/article-14395387/elon-musk-relationship-baby-mama-shivon-zilis.html" target="_blank" rel="nofollow noopener">пишет</a> Daily Mail.</strong></p>\r\n<p><strong>В четверг появились фотографии, на которых генеральный директор Tesla и SpaceX держит за руки своего четырехлетнего сына Икс и трехлетнюю дочь Азуру, когда они все направляются в поместье Блэр-хау</strong></p>\r\n<p><strong>Его партнерша Шивон Зилис следовала за ними с трехлетним Страйдером и нянями.</strong></p>\r\n<p><strong>Маск и его сын X, полное имя которого X &AElig; A-XII (произносится как экс-эш-эй-твелв), появились в Белом доме вместе с президентом Трампом во вторник. И теперь отец и сын снова вышли в свет.</strong></p>\r\n<p><strong>Нарендра Моди сейчас находится в округе Колумбия, куда прибыл, чтобы улучшить отношения с США, после того, как он отказался осудить Россию за войну в Украине.</strong></p>\r\n<p><strong>Источники сообщили журналистам, что Маск и Моди беседовали о запуске услуг спутниковой широкополосной связи Starlink в Индии.</strong></p>	2025-02-14 18:45:02+00	1	7	news_images/826dac45-c9c25ab06e6eaf536bb85961c3f264a5.webp	vzyal-srazu-troih-ilon-mask-yavilsya-na-vazhnuyu-v
16	Более 138 метров в длину: найдено крупнейшее в мире подземное термальное озеро (видео)	<h3><strong>Впервые огромное озеро было обнаружено в 2021 году, однако ученым удалось подтвердить его статус лишь спустя четыре года.</strong></h3>\r\n<p>Расположенный в известняке Вромонера на юге Албании, водоем &mdash; теперь известный как озеро Нейрон &mdash; был обнаружен еще в 2021 году во время геологической исследовательской экспедиции чешскими исследователями. Однако лишь теперь, спустя четыре года после открытия, ученым наконец-то удалось подтвердить, что скрытый водоем действительно является&nbsp;<a href="https://focus.ua/technologies/615774-v-10-raz-bolshe-vseh-nyne-sushchestvuyushchih-vmeste-vzyatyh-nazvano-samoe-bolshoe-ozero-na-zemle" target="_self">самым большим в мире</a>&nbsp;подземным термальным озером, пишет&nbsp;<a href="https://www.iflscience.com/worlds-largest-underground-thermal-lake-is-a-138-meter-long-dreamy-blue-pool-78021" target="_self" rel="nofollow">IFLScience</a>.</p>	2025-02-13 18:27:58+00	1	6	news_images/b5428996-1181a2e447f696593c2bf1f53e7d2c0a.webp	bolee-138-metrov-v-dlinu-najdeno-krupnejshee-v-mir
15	Телескопы NASA показали космический букет специально ко Дню святого Валентина: что это (фото)	<h3><strong>Туманность Тарантул является одним из самых ярких регионов звездообразования относительно недалеко от Земли.</strong></h3>\r\n<p>Ученые использовали данные космических телескопов NASA Чандра и Хаббл, а также радиотелескопа ALMA, чтобы создать уникальное изображение туманности Тарантул, также известной, как 30 Золотой Рыбы. Это самое детализированное изображение в рентгеновском свете самого мощного региона звездообразования в относительно близком участке Вселенной. Составное изображение туманности по форме напоминает букет, и он как раз кстати, ведь приближается День святого Валентина. Исследование опубликовано на сервере препринтов arXiv, пишет&nbsp;<a href="https://phys.org/news/2025-02-nasa-telescopes-stellar-bouquet-valentine.html" target="_blank" rel="nofollow noopener">Phys.</a></p>	2025-02-13 18:26:47+00	1	1	news_images/9dea5b7d-babb789d52d5543749d12ef0597f12e0.webp	teleskopy-nasa-pokazali-kosmicheskij-buket-special
17	ВИЧ может вернуться с новой силой: организация, борющаяся с ним, на грани коллапса	<h3><strong>Недавние изменения в политике США о международной помощи, нанесло серьезный удар по глобальной организации, борющейся с опасным заболеванием. В ООН заявили, что у человечества нет времени на промедление, а больные оказались в смертельной опасности.</strong></h3>\r\n<p>Борьба со СПИДом стала самой смертоносной гонкой человечества несколько десятилетий назад, когда миллионы людей погибли от этой болезни, а правительства в спешке принимали ответные меры. В конечном итоге Соединенные Штаты сыграли решающую роль в переломе ситуации, разработав программу PEPFAR &mdash; Чрезвычайный план президента по оказанию помощи больным СПИДом, благодаря которой удалось спасти миллионы жизней. Однако недавние изменения в политике США нарушили глобальные меры реагирования и вызвали опасения по поводу возобновления кризиса, пишет <a href="https://apnews.com/article/trump-aid-freeze-usaid-hiv-pepfar-9c1e6a70c5250a56feddf48757f923c8" target="_blank" rel="nofollow noopener">Associated Press</a>.</p>	2025-02-13 18:30:15+00	1	7	news_images/8c620c27-d9f9e6b1e20c16ecd0307290f197a930.webp	vich-mozhet-vernutsya-s-novoj-siloj-organizaciya-b
19	Выход нового шутера Crysis 4: Crytek поделилась с фанатами печальной новостью	<h3><em><strong>Создание научно-фантастического шутера Crysis 4 приостановили из-за финансовых проблем и сокращения штата. Будущая дата выхода игры неизвестна, но закрытии проекта речь не идет.</strong></em></h3>\r\n<p>&nbsp;</p>\r\n<p>Разработка научно-фантастического шутера Crysis 4 от компании Crytek приостановлена. Причиной стало сокращение 15% разработчиков,&nbsp;<a href="https://x.com/Crytek/status/1889623029723885913" target="_self" rel="nofollow">сообщила</a> компания в соцсети Х.</p>\r\n<p>Из-за финансовых трудностей рабочих мест лишились около 60 сотрудников из 400. В третьем квартале прошлого года разработчик прекратил работу над Crysis 4 и переводил сотрудников на проект Hunt: Showdown 1896.</p>\r\n<p>Финансовые аналитики рассчитали, что этот проект будет весьма прибыльным, но успеха не хватило, чтобы поддерживать студию в прежнем составе. Crytek предложит сотрудникам выходные пособия и содействие в карьерном продвижении.</p>\r\n<p>Теперь вся команда сосредоточилась на производстве Hunt: Showdown 1896 и движке Cryengine. Будущая дата выхода Crysis 4 от Crytek неизвестна, о закрытии проекта речь не идет.</p>	2025-02-14 23:36:29+00	161	8	news_images/b310e101-303d713f0bbfb73cfc9dc2a3a1c7ac02.webp	vyhod-novogo-shutera-crysis-4-crytek-podelilas-s-f
\.


--
-- Data for Name: users_customuser; Type: TABLE DATA; Schema: public; Owner: future_prism_user
--

COPY public.users_customuser (id, password, last_login, is_superuser, username, first_name, last_name, email, is_staff, is_active, date_joined, bio, avatar, birth_date, email_notifications, facebook, news_notifications, telegram, twitter, phone_number, last_activity) FROM stdin;
4	pbkdf2_sha256$870000$U1tc4gtfT4h5JyIvf4uDmp$hXh7JOImDURuXVqZGOQE6cR3HNplyT6VG1YyxaEeLxs=	2025-02-17 11:13:25.915575+00	t	a_admin				t	t	2025-02-15 22:17:17.418897+00			\N	t		t			\N	2025-02-18 14:07:14.303392+00
\.


--
-- Data for Name: users_customuser_groups; Type: TABLE DATA; Schema: public; Owner: future_prism_user
--

COPY public.users_customuser_groups (id, customuser_id, group_id) FROM stdin;
\.


--
-- Data for Name: users_customuser_user_permissions; Type: TABLE DATA; Schema: public; Owner: future_prism_user
--

COPY public.users_customuser_user_permissions (id, customuser_id, permission_id) FROM stdin;
\.


--
-- Name: analytics_like_id_seq; Type: SEQUENCE SET; Schema: public; Owner: future_prism_user
--

SELECT pg_catalog.setval('public.analytics_like_id_seq', 1, false);


--
-- Name: auth_group_id_seq; Type: SEQUENCE SET; Schema: public; Owner: future_prism_user
--

SELECT pg_catalog.setval('public.auth_group_id_seq', 1, true);


--
-- Name: auth_group_permissions_id_seq; Type: SEQUENCE SET; Schema: public; Owner: future_prism_user
--

SELECT pg_catalog.setval('public.auth_group_permissions_id_seq', 1, false);


--
-- Name: auth_permission_id_seq; Type: SEQUENCE SET; Schema: public; Owner: future_prism_user
--

SELECT pg_catalog.setval('public.auth_permission_id_seq', 48, true);


--
-- Name: comments_comment_id_seq; Type: SEQUENCE SET; Schema: public; Owner: future_prism_user
--

SELECT pg_catalog.setval('public.comments_comment_id_seq', 1, true);


--
-- Name: django_admin_log_id_seq; Type: SEQUENCE SET; Schema: public; Owner: future_prism_user
--

SELECT pg_catalog.setval('public.django_admin_log_id_seq', 53, true);


--
-- Name: django_content_type_id_seq; Type: SEQUENCE SET; Schema: public; Owner: future_prism_user
--

SELECT pg_catalog.setval('public.django_content_type_id_seq', 12, true);


--
-- Name: django_migrations_id_seq; Type: SEQUENCE SET; Schema: public; Owner: future_prism_user
--

SELECT pg_catalog.setval('public.django_migrations_id_seq', 35, true);


--
-- Name: news_article_id_seq; Type: SEQUENCE SET; Schema: public; Owner: future_prism_user
--

SELECT pg_catalog.setval('public.news_article_id_seq', 1, false);


--
-- Name: news_bookmark_id_seq; Type: SEQUENCE SET; Schema: public; Owner: future_prism_user
--

SELECT pg_catalog.setval('public.news_bookmark_id_seq', 1, false);


--
-- Name: news_category_id_seq; Type: SEQUENCE SET; Schema: public; Owner: future_prism_user
--

SELECT pg_catalog.setval('public.news_category_id_seq', 9, true);


--
-- Name: news_news_id_seq; Type: SEQUENCE SET; Schema: public; Owner: future_prism_user
--

SELECT pg_catalog.setval('public.news_news_id_seq', 19, true);


--
-- Name: users_customuser_groups_id_seq; Type: SEQUENCE SET; Schema: public; Owner: future_prism_user
--

SELECT pg_catalog.setval('public.users_customuser_groups_id_seq', 1, false);


--
-- Name: users_customuser_id_seq; Type: SEQUENCE SET; Schema: public; Owner: future_prism_user
--

SELECT pg_catalog.setval('public.users_customuser_id_seq', 18, true);


--
-- Name: users_customuser_user_permissions_id_seq; Type: SEQUENCE SET; Schema: public; Owner: future_prism_user
--

SELECT pg_catalog.setval('public.users_customuser_user_permissions_id_seq', 1, false);


--
-- Name: analytics_like analytics_like_news_id_user_id_0ef81aa5_uniq; Type: CONSTRAINT; Schema: public; Owner: future_prism_user
--

ALTER TABLE ONLY public.analytics_like
    ADD CONSTRAINT analytics_like_news_id_user_id_0ef81aa5_uniq UNIQUE (news_id, user_id);


--
-- Name: analytics_like analytics_like_pkey; Type: CONSTRAINT; Schema: public; Owner: future_prism_user
--

ALTER TABLE ONLY public.analytics_like
    ADD CONSTRAINT analytics_like_pkey PRIMARY KEY (id);


--
-- Name: auth_group auth_group_name_key; Type: CONSTRAINT; Schema: public; Owner: future_prism_user
--

ALTER TABLE ONLY public.auth_group
    ADD CONSTRAINT auth_group_name_key UNIQUE (name);


--
-- Name: auth_group_permissions auth_group_permissions_group_id_permission_id_0cd325b0_uniq; Type: CONSTRAINT; Schema: public; Owner: future_prism_user
--

ALTER TABLE ONLY public.auth_group_permissions
    ADD CONSTRAINT auth_group_permissions_group_id_permission_id_0cd325b0_uniq UNIQUE (group_id, permission_id);


--
-- Name: auth_group_permissions auth_group_permissions_pkey; Type: CONSTRAINT; Schema: public; Owner: future_prism_user
--

ALTER TABLE ONLY public.auth_group_permissions
    ADD CONSTRAINT auth_group_permissions_pkey PRIMARY KEY (id);


--
-- Name: auth_group auth_group_pkey; Type: CONSTRAINT; Schema: public; Owner: future_prism_user
--

ALTER TABLE ONLY public.auth_group
    ADD CONSTRAINT auth_group_pkey PRIMARY KEY (id);


--
-- Name: auth_permission auth_permission_content_type_id_codename_01ab375a_uniq; Type: CONSTRAINT; Schema: public; Owner: future_prism_user
--

ALTER TABLE ONLY public.auth_permission
    ADD CONSTRAINT auth_permission_content_type_id_codename_01ab375a_uniq UNIQUE (content_type_id, codename);


--
-- Name: auth_permission auth_permission_pkey; Type: CONSTRAINT; Schema: public; Owner: future_prism_user
--

ALTER TABLE ONLY public.auth_permission
    ADD CONSTRAINT auth_permission_pkey PRIMARY KEY (id);


--
-- Name: comments_comment comments_comment_pkey; Type: CONSTRAINT; Schema: public; Owner: future_prism_user
--

ALTER TABLE ONLY public.comments_comment
    ADD CONSTRAINT comments_comment_pkey PRIMARY KEY (id);


--
-- Name: django_admin_log django_admin_log_pkey; Type: CONSTRAINT; Schema: public; Owner: future_prism_user
--

ALTER TABLE ONLY public.django_admin_log
    ADD CONSTRAINT django_admin_log_pkey PRIMARY KEY (id);


--
-- Name: django_content_type django_content_type_app_label_model_76bd3d3b_uniq; Type: CONSTRAINT; Schema: public; Owner: future_prism_user
--

ALTER TABLE ONLY public.django_content_type
    ADD CONSTRAINT django_content_type_app_label_model_76bd3d3b_uniq UNIQUE (app_label, model);


--
-- Name: django_content_type django_content_type_pkey; Type: CONSTRAINT; Schema: public; Owner: future_prism_user
--

ALTER TABLE ONLY public.django_content_type
    ADD CONSTRAINT django_content_type_pkey PRIMARY KEY (id);


--
-- Name: django_migrations django_migrations_pkey; Type: CONSTRAINT; Schema: public; Owner: future_prism_user
--

ALTER TABLE ONLY public.django_migrations
    ADD CONSTRAINT django_migrations_pkey PRIMARY KEY (id);


--
-- Name: django_session django_session_pkey; Type: CONSTRAINT; Schema: public; Owner: future_prism_user
--

ALTER TABLE ONLY public.django_session
    ADD CONSTRAINT django_session_pkey PRIMARY KEY (session_key);


--
-- Name: news_article news_article_pkey; Type: CONSTRAINT; Schema: public; Owner: future_prism_user
--

ALTER TABLE ONLY public.news_article
    ADD CONSTRAINT news_article_pkey PRIMARY KEY (id);


--
-- Name: news_bookmark news_bookmark_pkey; Type: CONSTRAINT; Schema: public; Owner: future_prism_user
--

ALTER TABLE ONLY public.news_bookmark
    ADD CONSTRAINT news_bookmark_pkey PRIMARY KEY (id);


--
-- Name: news_category news_category_name_key; Type: CONSTRAINT; Schema: public; Owner: future_prism_user
--

ALTER TABLE ONLY public.news_category
    ADD CONSTRAINT news_category_name_key UNIQUE (name);


--
-- Name: news_category news_category_pkey; Type: CONSTRAINT; Schema: public; Owner: future_prism_user
--

ALTER TABLE ONLY public.news_category
    ADD CONSTRAINT news_category_pkey PRIMARY KEY (id);


--
-- Name: news_news news_news_pkey; Type: CONSTRAINT; Schema: public; Owner: future_prism_user
--

ALTER TABLE ONLY public.news_news
    ADD CONSTRAINT news_news_pkey PRIMARY KEY (id);


--
-- Name: news_news news_news_slug_key; Type: CONSTRAINT; Schema: public; Owner: future_prism_user
--

ALTER TABLE ONLY public.news_news
    ADD CONSTRAINT news_news_slug_key UNIQUE (slug);


--
-- Name: users_customuser_groups users_customuser_groups_customuser_id_group_id_76b619e3_uniq; Type: CONSTRAINT; Schema: public; Owner: future_prism_user
--

ALTER TABLE ONLY public.users_customuser_groups
    ADD CONSTRAINT users_customuser_groups_customuser_id_group_id_76b619e3_uniq UNIQUE (customuser_id, group_id);


--
-- Name: users_customuser_groups users_customuser_groups_pkey; Type: CONSTRAINT; Schema: public; Owner: future_prism_user
--

ALTER TABLE ONLY public.users_customuser_groups
    ADD CONSTRAINT users_customuser_groups_pkey PRIMARY KEY (id);


--
-- Name: users_customuser users_customuser_pkey; Type: CONSTRAINT; Schema: public; Owner: future_prism_user
--

ALTER TABLE ONLY public.users_customuser
    ADD CONSTRAINT users_customuser_pkey PRIMARY KEY (id);


--
-- Name: users_customuser_user_permissions users_customuser_user_pe_customuser_id_permission_7a7debf6_uniq; Type: CONSTRAINT; Schema: public; Owner: future_prism_user
--

ALTER TABLE ONLY public.users_customuser_user_permissions
    ADD CONSTRAINT users_customuser_user_pe_customuser_id_permission_7a7debf6_uniq UNIQUE (customuser_id, permission_id);


--
-- Name: users_customuser_user_permissions users_customuser_user_permissions_pkey; Type: CONSTRAINT; Schema: public; Owner: future_prism_user
--

ALTER TABLE ONLY public.users_customuser_user_permissions
    ADD CONSTRAINT users_customuser_user_permissions_pkey PRIMARY KEY (id);


--
-- Name: users_customuser users_customuser_username_key; Type: CONSTRAINT; Schema: public; Owner: future_prism_user
--

ALTER TABLE ONLY public.users_customuser
    ADD CONSTRAINT users_customuser_username_key UNIQUE (username);


--
-- Name: analytics_like_news_id_ce4f3e53; Type: INDEX; Schema: public; Owner: future_prism_user
--

CREATE INDEX analytics_like_news_id_ce4f3e53 ON public.analytics_like USING btree (news_id);


--
-- Name: analytics_like_user_id_77c83ee5; Type: INDEX; Schema: public; Owner: future_prism_user
--

CREATE INDEX analytics_like_user_id_77c83ee5 ON public.analytics_like USING btree (user_id);


--
-- Name: auth_group_name_a6ea08ec_like; Type: INDEX; Schema: public; Owner: future_prism_user
--

CREATE INDEX auth_group_name_a6ea08ec_like ON public.auth_group USING btree (name varchar_pattern_ops);


--
-- Name: auth_group_permissions_group_id_b120cbf9; Type: INDEX; Schema: public; Owner: future_prism_user
--

CREATE INDEX auth_group_permissions_group_id_b120cbf9 ON public.auth_group_permissions USING btree (group_id);


--
-- Name: auth_group_permissions_permission_id_84c5c92e; Type: INDEX; Schema: public; Owner: future_prism_user
--

CREATE INDEX auth_group_permissions_permission_id_84c5c92e ON public.auth_group_permissions USING btree (permission_id);


--
-- Name: auth_permission_content_type_id_2f476e4b; Type: INDEX; Schema: public; Owner: future_prism_user
--

CREATE INDEX auth_permission_content_type_id_2f476e4b ON public.auth_permission USING btree (content_type_id);


--
-- Name: comments_comment_author_id_334ce9e2; Type: INDEX; Schema: public; Owner: future_prism_user
--

CREATE INDEX comments_comment_author_id_334ce9e2 ON public.comments_comment USING btree (author_id);


--
-- Name: comments_comment_news_id_2202c2f4; Type: INDEX; Schema: public; Owner: future_prism_user
--

CREATE INDEX comments_comment_news_id_2202c2f4 ON public.comments_comment USING btree (news_id);


--
-- Name: comments_comment_parent_id_3e0802fb; Type: INDEX; Schema: public; Owner: future_prism_user
--

CREATE INDEX comments_comment_parent_id_3e0802fb ON public.comments_comment USING btree (parent_id);


--
-- Name: django_admin_log_content_type_id_c4bce8eb; Type: INDEX; Schema: public; Owner: future_prism_user
--

CREATE INDEX django_admin_log_content_type_id_c4bce8eb ON public.django_admin_log USING btree (content_type_id);


--
-- Name: django_admin_log_user_id_c564eba6; Type: INDEX; Schema: public; Owner: future_prism_user
--

CREATE INDEX django_admin_log_user_id_c564eba6 ON public.django_admin_log USING btree (user_id);


--
-- Name: django_session_expire_date_a5c62663; Type: INDEX; Schema: public; Owner: future_prism_user
--

CREATE INDEX django_session_expire_date_a5c62663 ON public.django_session USING btree (expire_date);


--
-- Name: django_session_session_key_c0390e0f_like; Type: INDEX; Schema: public; Owner: future_prism_user
--

CREATE INDEX django_session_session_key_c0390e0f_like ON public.django_session USING btree (session_key varchar_pattern_ops);


--
-- Name: news_article_author_id_11c60ced; Type: INDEX; Schema: public; Owner: future_prism_user
--

CREATE INDEX news_article_author_id_11c60ced ON public.news_article USING btree (author_id);


--
-- Name: news_bookmark_article_id_70d4f623; Type: INDEX; Schema: public; Owner: future_prism_user
--

CREATE INDEX news_bookmark_article_id_70d4f623 ON public.news_bookmark USING btree (article_id);


--
-- Name: news_bookmark_user_id_db1205ad; Type: INDEX; Schema: public; Owner: future_prism_user
--

CREATE INDEX news_bookmark_user_id_db1205ad ON public.news_bookmark USING btree (user_id);


--
-- Name: news_category_name_6c0b36c6_like; Type: INDEX; Schema: public; Owner: future_prism_user
--

CREATE INDEX news_category_name_6c0b36c6_like ON public.news_category USING btree (name varchar_pattern_ops);


--
-- Name: news_news_category_id_f060a768; Type: INDEX; Schema: public; Owner: future_prism_user
--

CREATE INDEX news_news_category_id_f060a768 ON public.news_news USING btree (category_id);


--
-- Name: news_news_slug_2b9132f1_like; Type: INDEX; Schema: public; Owner: future_prism_user
--

CREATE INDEX news_news_slug_2b9132f1_like ON public.news_news USING btree (slug varchar_pattern_ops);


--
-- Name: users_customuser_groups_customuser_id_958147bf; Type: INDEX; Schema: public; Owner: future_prism_user
--

CREATE INDEX users_customuser_groups_customuser_id_958147bf ON public.users_customuser_groups USING btree (customuser_id);


--
-- Name: users_customuser_groups_group_id_01390b14; Type: INDEX; Schema: public; Owner: future_prism_user
--

CREATE INDEX users_customuser_groups_group_id_01390b14 ON public.users_customuser_groups USING btree (group_id);


--
-- Name: users_customuser_user_permissions_customuser_id_5771478b; Type: INDEX; Schema: public; Owner: future_prism_user
--

CREATE INDEX users_customuser_user_permissions_customuser_id_5771478b ON public.users_customuser_user_permissions USING btree (customuser_id);


--
-- Name: users_customuser_user_permissions_permission_id_baaa2f74; Type: INDEX; Schema: public; Owner: future_prism_user
--

CREATE INDEX users_customuser_user_permissions_permission_id_baaa2f74 ON public.users_customuser_user_permissions USING btree (permission_id);


--
-- Name: users_customuser_username_80452fdf_like; Type: INDEX; Schema: public; Owner: future_prism_user
--

CREATE INDEX users_customuser_username_80452fdf_like ON public.users_customuser USING btree (username varchar_pattern_ops);


--
-- Name: analytics_like analytics_like_news_id_ce4f3e53_fk_news_news_id; Type: FK CONSTRAINT; Schema: public; Owner: future_prism_user
--

ALTER TABLE ONLY public.analytics_like
    ADD CONSTRAINT analytics_like_news_id_ce4f3e53_fk_news_news_id FOREIGN KEY (news_id) REFERENCES public.news_news(id) DEFERRABLE INITIALLY DEFERRED;


--
-- Name: analytics_like analytics_like_user_id_77c83ee5_fk_users_customuser_id; Type: FK CONSTRAINT; Schema: public; Owner: future_prism_user
--

ALTER TABLE ONLY public.analytics_like
    ADD CONSTRAINT analytics_like_user_id_77c83ee5_fk_users_customuser_id FOREIGN KEY (user_id) REFERENCES public.users_customuser(id) DEFERRABLE INITIALLY DEFERRED;


--
-- Name: auth_group_permissions auth_group_permissio_permission_id_84c5c92e_fk_auth_perm; Type: FK CONSTRAINT; Schema: public; Owner: future_prism_user
--

ALTER TABLE ONLY public.auth_group_permissions
    ADD CONSTRAINT auth_group_permissio_permission_id_84c5c92e_fk_auth_perm FOREIGN KEY (permission_id) REFERENCES public.auth_permission(id) DEFERRABLE INITIALLY DEFERRED;


--
-- Name: auth_group_permissions auth_group_permissions_group_id_b120cbf9_fk_auth_group_id; Type: FK CONSTRAINT; Schema: public; Owner: future_prism_user
--

ALTER TABLE ONLY public.auth_group_permissions
    ADD CONSTRAINT auth_group_permissions_group_id_b120cbf9_fk_auth_group_id FOREIGN KEY (group_id) REFERENCES public.auth_group(id) DEFERRABLE INITIALLY DEFERRED;


--
-- Name: auth_permission auth_permission_content_type_id_2f476e4b_fk_django_co; Type: FK CONSTRAINT; Schema: public; Owner: future_prism_user
--

ALTER TABLE ONLY public.auth_permission
    ADD CONSTRAINT auth_permission_content_type_id_2f476e4b_fk_django_co FOREIGN KEY (content_type_id) REFERENCES public.django_content_type(id) DEFERRABLE INITIALLY DEFERRED;


--
-- Name: comments_comment comments_comment_author_id_334ce9e2_fk_users_customuser_id; Type: FK CONSTRAINT; Schema: public; Owner: future_prism_user
--

ALTER TABLE ONLY public.comments_comment
    ADD CONSTRAINT comments_comment_author_id_334ce9e2_fk_users_customuser_id FOREIGN KEY (author_id) REFERENCES public.users_customuser(id) DEFERRABLE INITIALLY DEFERRED;


--
-- Name: comments_comment comments_comment_news_id_2202c2f4_fk_news_news_id; Type: FK CONSTRAINT; Schema: public; Owner: future_prism_user
--

ALTER TABLE ONLY public.comments_comment
    ADD CONSTRAINT comments_comment_news_id_2202c2f4_fk_news_news_id FOREIGN KEY (news_id) REFERENCES public.news_news(id) DEFERRABLE INITIALLY DEFERRED;


--
-- Name: comments_comment comments_comment_parent_id_3e0802fb_fk_comments_comment_id; Type: FK CONSTRAINT; Schema: public; Owner: future_prism_user
--

ALTER TABLE ONLY public.comments_comment
    ADD CONSTRAINT comments_comment_parent_id_3e0802fb_fk_comments_comment_id FOREIGN KEY (parent_id) REFERENCES public.comments_comment(id) DEFERRABLE INITIALLY DEFERRED;


--
-- Name: django_admin_log django_admin_log_content_type_id_c4bce8eb_fk_django_co; Type: FK CONSTRAINT; Schema: public; Owner: future_prism_user
--

ALTER TABLE ONLY public.django_admin_log
    ADD CONSTRAINT django_admin_log_content_type_id_c4bce8eb_fk_django_co FOREIGN KEY (content_type_id) REFERENCES public.django_content_type(id) DEFERRABLE INITIALLY DEFERRED;


--
-- Name: django_admin_log django_admin_log_user_id_c564eba6_fk_users_customuser_id; Type: FK CONSTRAINT; Schema: public; Owner: future_prism_user
--

ALTER TABLE ONLY public.django_admin_log
    ADD CONSTRAINT django_admin_log_user_id_c564eba6_fk_users_customuser_id FOREIGN KEY (user_id) REFERENCES public.users_customuser(id) DEFERRABLE INITIALLY DEFERRED;


--
-- Name: news_article news_article_author_id_11c60ced_fk_users_customuser_id; Type: FK CONSTRAINT; Schema: public; Owner: future_prism_user
--

ALTER TABLE ONLY public.news_article
    ADD CONSTRAINT news_article_author_id_11c60ced_fk_users_customuser_id FOREIGN KEY (author_id) REFERENCES public.users_customuser(id) DEFERRABLE INITIALLY DEFERRED;


--
-- Name: news_bookmark news_bookmark_article_id_70d4f623_fk_news_article_id; Type: FK CONSTRAINT; Schema: public; Owner: future_prism_user
--

ALTER TABLE ONLY public.news_bookmark
    ADD CONSTRAINT news_bookmark_article_id_70d4f623_fk_news_article_id FOREIGN KEY (article_id) REFERENCES public.news_article(id) DEFERRABLE INITIALLY DEFERRED;


--
-- Name: news_bookmark news_bookmark_user_id_db1205ad_fk_users_customuser_id; Type: FK CONSTRAINT; Schema: public; Owner: future_prism_user
--

ALTER TABLE ONLY public.news_bookmark
    ADD CONSTRAINT news_bookmark_user_id_db1205ad_fk_users_customuser_id FOREIGN KEY (user_id) REFERENCES public.users_customuser(id) DEFERRABLE INITIALLY DEFERRED;


--
-- Name: news_news news_news_category_id_f060a768_fk_news_category_id; Type: FK CONSTRAINT; Schema: public; Owner: future_prism_user
--

ALTER TABLE ONLY public.news_news
    ADD CONSTRAINT news_news_category_id_f060a768_fk_news_category_id FOREIGN KEY (category_id) REFERENCES public.news_category(id) DEFERRABLE INITIALLY DEFERRED;


--
-- Name: users_customuser_groups users_customuser_gro_customuser_id_958147bf_fk_users_cus; Type: FK CONSTRAINT; Schema: public; Owner: future_prism_user
--

ALTER TABLE ONLY public.users_customuser_groups
    ADD CONSTRAINT users_customuser_gro_customuser_id_958147bf_fk_users_cus FOREIGN KEY (customuser_id) REFERENCES public.users_customuser(id) DEFERRABLE INITIALLY DEFERRED;


--
-- Name: users_customuser_groups users_customuser_groups_group_id_01390b14_fk_auth_group_id; Type: FK CONSTRAINT; Schema: public; Owner: future_prism_user
--

ALTER TABLE ONLY public.users_customuser_groups
    ADD CONSTRAINT users_customuser_groups_group_id_01390b14_fk_auth_group_id FOREIGN KEY (group_id) REFERENCES public.auth_group(id) DEFERRABLE INITIALLY DEFERRED;


--
-- Name: users_customuser_user_permissions users_customuser_use_customuser_id_5771478b_fk_users_cus; Type: FK CONSTRAINT; Schema: public; Owner: future_prism_user
--

ALTER TABLE ONLY public.users_customuser_user_permissions
    ADD CONSTRAINT users_customuser_use_customuser_id_5771478b_fk_users_cus FOREIGN KEY (customuser_id) REFERENCES public.users_customuser(id) DEFERRABLE INITIALLY DEFERRED;


--
-- Name: users_customuser_user_permissions users_customuser_use_permission_id_baaa2f74_fk_auth_perm; Type: FK CONSTRAINT; Schema: public; Owner: future_prism_user
--

ALTER TABLE ONLY public.users_customuser_user_permissions
    ADD CONSTRAINT users_customuser_use_permission_id_baaa2f74_fk_auth_perm FOREIGN KEY (permission_id) REFERENCES public.auth_permission(id) DEFERRABLE INITIALLY DEFERRED;


--
-- PostgreSQL database dump complete
--

